name,artist,danceability,energy,key,loudness,mode,speechiness,acousticness,instrumentalness,liveness,valence,tempo,duration_ms,time_signature,mouvement,liked
MOLOTOV,Lazza,0.613,0.96,5,-4.343,0,0.0542,0.265,0.0,0.24,0.669,159.98,160205,4,0.8,1
Red Light,Tedua,0.558,0.624,4,-6.567,1,0.0439,0.0678,0.0,0.0746,0.574,66.512,167867,4,0.5,1
Giulia,BLANCO,0.6,0.841,1,-3.55,1,0.0811,0.146,0.0,0.126,0.488,163.856,193592,4,0.5,1
VETRI NERI,AVA,0.754,0.767,6,-4.98,1,0.0594,0.0763,4.79e-05,0.112,0.529,134.084,164776,4,0.5,1
COME VUOI,Geolier,0.756,0.631,8,-5.297,0,0.0502,0.13,0.0,0.0649,0.896,130.052,172615,4,0.8,1
SONNY - city of god,Emis Killa,0.814,0.639,6,-7.017,0,0.113,0.371,0.0,0.0859,0.414,123.859,190520,4,0.5,1
Whip (feat. YOVNGCHIMI),Shiva,0.781,0.611,5,-4.548,0,0.183,0.121,0.0,0.256,0.347,126.059,153017,4,0.5,1
Morto Mai,Lazza,0.645,0.813,7,-5.448,0,0.107,0.121,0.0,0.127,0.551,82.676,145640,4,0.5,1
Capri Sun,Capo Plaza,0.683,0.852,0,-2.755,1,0.0636,0.0454,0.0,0.246,0.448,93.068,199680,4,0.5,1
BUONANOTTE,Ernia,0.531,0.514,8,-12.734,1,0.424,0.879,1.27e-06,0.111,0.571,85.854,220299,4,0.5,1
Cookies N' Cream (feat. ANNA & Sfera Ebbasta),Guè,0.572,0.66,9,-5.375,1,0.244,0.37,0.0,0.323,0.581,123.691,201845,5,0.5,1
2 SECONDI,Geolier,0.66,0.755,9,-5.96,0,0.164,0.293,0.0,0.055,0.605,120.035,149000,4,0.5,1
SENZ'ANIMA - nikita,Emis Killa,0.489,0.697,9,-5.41,0,0.173,0.225,0.0,0.115,0.532,97.243,193453,3,0.5,1
Arsenico,Shiva,0.716,0.699,7,-5.663,1,0.252,0.404,0.0,0.115,0.238,99.889,183321,4,0.5,1
Arai (feat. Capo Plaza),Medy,0.816,0.735,4,-4.809,0,0.101,0.0653,0.0,0.126,0.675,127.988,181668,4,0.5,1
"BON TON (feat. Lazza, Blanco, Sfera Ebbasta & Michelangelo)",Drillionaire,0.676,0.81,11,-5.209,1,0.0411,0.0815,1.92e-06,0.154,0.656,129.986,238534,4,0.5,1
PARAFULMINI (con Bresh & Fabri Fibra),Ernia,0.785,0.774,5,-6.028,1,0.215,0.179,0.0,0.148,0.573,110.027,208909,4,0.5,1
Anima Tormentata,BLANCO,0.339,0.801,7,-4.762,0,0.2,0.0551,0.0,0.118,0.202,93.926,176100,4,0.5,1
Léon (The Professional),Guè,0.676,0.833,7,-4.464,1,0.153,0.327,6.84e-06,0.412,0.299,95.047,162519,4,0.5,1
BIG BANG - upside down,Emis Killa,0.766,0.577,8,-9.462,1,0.163,0.221,0.0,0.0991,0.296,120.076,198253,4,0.5,1
Soli (feat. Tiago PZK & Rvssian),Shiva,0.61,0.742,10,-7.122,0,0.336,0.177,0.000254,0.176,0.382,214.047,183896,4,0.5,1
NESSUNO (feat. Geolier),Lazza,0.79,0.646,11,-5.166,0,0.191,0.0486,0.0,0.139,0.169,101.253,148452,4,0.5,1
Outro Purgatorio,Tedua,0.623,0.794,1,-6.304,1,0.265,0.141,0.0,0.137,0.358,89.495,284240,4,0.5,1
CATTIVE INTENZIONI (feat. Salmo),Ernia,0.761,0.84,1,-3.278,1,0.275,0.174,0.0,0.129,0.579,98.055,168742,4,0.5,1
Fotocopia,BLANCO,0.497,0.624,2,-6.168,0,0.039,0.26,0.0,0.575,0.194,82.138,202976,3,0.5,1
CHIAGNE (feat. Lazza & Takagi & Ketra),Geolier,0.716,0.737,6,-5.831,0,0.0578,0.115,0.0,0.0922,0.584,131.947,179864,4,0.5,1
ALBICOCCA - lolita,Emis Killa,0.753,0.705,10,-5.083,1,0.288,0.372,0.0,0.0917,0.667,85.218,162733,4,0.5,1
Diversi,Shiva,0.611,0.649,1,-6.202,0,0.323,0.333,0.0,0.158,0.316,158.036,176065,4,0.5,1
Mollami Pt.2,Guè,0.757,0.805,6,-4.84,0,0.0553,0.0802,2.93e-05,0.118,0.848,99.997,155134,4,0.8,1
PENSAVA,Icy Subzero,0.699,0.755,8,-5.421,0,0.119,0.415,0.00493,0.27,0.555,102.013,145873,4,0.5,1
BASTAVA LA METÀ (feat. Gaia & Guè),Ernia,0.654,0.766,2,-5.051,1,0.239,0.183,0.0,0.376,0.572,175.991,195476,4,0.5,1
Lacrime Di Piombo,BLANCO,0.587,0.392,4,-5.607,1,0.0325,0.739,0.0,0.0829,0.345,124.08,196694,4,0.5,1
Mamma Mia,Sfera Ebbasta,0.762,0.609,8,-5.934,0,0.0369,0.042,2.78e-06,0.25,0.266,99.971,166796,4,0.5,1
ATTORI DI STRADA - ragazzi fuori,Emis Killa,0.812,0.701,6,-6.552,0,0.231,0.161,0.0,0.209,0.197,130.069,210453,4,0.5,1
Non è Easy,Shiva,0.878,0.582,10,-5.571,0,0.195,0.00835,0.0,0.122,0.239,129.068,164657,4,0.5,1
Angelo All'Inferno (feat. Salmo & Federica Abbate),Tedua,0.573,0.798,7,-7.527,0,0.225,0.309,0.0,0.0841,0.0816,89.575,173040,4,0.5,1
Free (feat. Marracash & Rkomi),Guè,0.682,0.648,0,-6.666,1,0.358,0.457,0.0,0.356,0.687,78.312,190587,4,0.5,1
BELLA FREGATURA,Ernia,0.626,0.664,8,-5.745,1,0.306,0.109,0.0,0.0959,0.414,167.838,174103,4,0.5,1
Un Briciolo Di Allegria (con MINA),BLANCO,0.617,0.707,2,-4.31,1,0.0399,0.467,0.0,0.0481,0.392,91.925,207615,4,0.5,1
Parliamo,Luchè,0.743,0.604,8,-6.589,1,0.0376,0.109,0.0,0.0871,0.525,140.073,196714,4,0.5,1
PACINO - the godfather,Emis Killa,0.583,0.804,3,-8.695,0,0.169,0.294,0.0,0.316,0.247,115.289,122427,4,0.5,1
DESOLÉ (feat. Rhove & Geolier),Drillionaire,0.613,0.779,1,-4.592,0,0.0352,0.0267,0.0,0.281,0.266,103.006,165491,4,0.5,1
ALIBI,Lazza,0.758,0.679,0,-4.736,1,0.0804,0.272,0.0,0.0915,0.566,113.109,178052,4,0.5,1
Prefissi,Guè,0.536,0.8,5,-5.81,1,0.217,0.512,0.0,0.383,0.747,81.721,195662,4,0.5,1
NON HO SONNO,Ernia,0.815,0.712,1,-4.546,1,0.0703,0.244,0.0,0.148,0.549,99.023,176715,4,0.5,1
RICCHEZZA,Geolier,0.644,0.766,8,-5.032,1,0.305,0.394,0.0,0.1,0.122,59.178,184000,4,0.5,1
Non lo Sai,Shiva,0.585,0.678,0,-6.851,0,0.0888,0.106,0.0,0.139,0.162,127.959,228342,4,0.5,1
MC DRIVE - la haine,Emis Killa,0.834,0.729,2,-4.011,1,0.278,0.147,0.0,0.0445,0.52,89.99,180000,4,0.5,1
Allenamento #2,Capo Plaza,0.86,0.601,1,-7.247,0,0.509,0.406,0.0,0.103,0.0589,80.019,151422,4,0.5,1
CENERE,Lazza,0.652,0.628,2,-6.529,0,0.107,0.305,0.0,0.221,0.317,119.856,208324,4,0.5,1
Move Your Body (Future House),Tchami,0.818,0.87,9,-5.162,1,0.0493,0.00424,0.196,0.0429,0.741,123.999,219429,4,0.5,1
Public Safety,Badjokes,0.76,0.795,2,-5.976,1,0.073,0.091,0.811,0.209,0.155,128.0,213750,4,0.5,1
House All The Time,Biscits,0.788,0.877,5,-8.142,0,0.106,0.144,0.411,0.331,0.685,126.994,164000,4,0.5,1
The Power,Matias Sundblad,0.809,0.947,7,-6.747,1,0.0612,0.00747,0.719,0.112,0.94,124.009,444337,4,0.8,1
Half Faces (Lacchesi Remix),Baraka,0.724,0.994,10,-6.895,0,0.062,0.0157,0.791,0.144,0.395,150.006,340523,4,0.8,1
Bodysnatcher,Spektre,0.628,0.956,1,-8.679,0,0.051,0.00103,0.828,0.315,0.376,133.979,231115,4,0.8,1
"Doo Uap, Doo Uap, Doo Uap - Bart & Baker Remix",Gabin,0.745,0.618,0,-9.026,0,0.0727,0.124,0.775,0.0835,0.367,121.051,283932,4,0.5,1
Nexus - Danny Freakazoid Remix,DR. KUCHO!,0.551,0.404,4,-12.107,0,0.24,0.000655,0.91,0.0722,0.0788,128.01,427969,4,0.5,1
Singing in the Rain (Love Baby),Betina Bager,0.725,0.875,0,-5.68,1,0.0673,0.107,0.657,0.187,0.676,122.015,276147,4,0.5,1
Other Side,Azzecca,0.768,0.846,9,-6.469,1,0.0478,0.00411,0.769,0.0998,0.139,124.981,244338,4,0.5,1
"1, 2, 3, 4 (David Penn Remix)",César de Melero,0.81,0.571,9,-8.09,0,0.113,0.0215,0.054,0.194,0.305,125.009,201750,4,0.5,1
PURA VIDA,HI-LO,0.789,0.993,7,-5.843,1,0.044,0.0686,0.923,0.112,0.0343,130.006,234721,4,0.8,1
Main Ingredients,Matroda,0.795,0.996,6,-4.714,0,0.0855,0.000231,0.817,0.0461,0.592,126.001,192381,4,0.8,1
YDK,Klaudia Gawlas,0.633,0.869,9,-9.408,0,0.048,0.00152,0.923,0.112,0.0785,140.01,372085,4,0.5,1
Sex and the Machine,Pleasurekraft,0.546,0.979,5,-5.926,0,0.0739,0.00391,0.553,0.107,0.231,132.023,240123,4,0.8,1
Gimme Some Keys,Matroda,0.802,0.725,11,-5.218,0,0.0521,0.00222,0.819,0.064,0.864,124.992,169445,4,0.8,1
HYPNOSIS,AYYBO,0.96,0.872,1,-4.758,0,0.282,0.182,0.00983,0.291,0.7,125.03,158583,4,0.5,1
Papi,Joshwa,0.683,0.898,11,-6.746,0,0.054,0.000739,0.755,0.127,0.276,130.002,173538,4,0.5,1
Headnoise (Get Hype),Martin Ikin,0.704,0.989,11,-6.003,0,0.0564,0.157,0.843,0.0747,0.848,123.971,179032,4,0.8,1
Motor - Original Mix,Christian Smith,0.726,0.724,7,-9.53,1,0.0405,0.00501,0.923,0.121,0.222,123.996,380541,4,0.5,1
Take It Back,Andrea Maggino,0.818,0.898,7,-5.125,1,0.0469,0.00152,0.947,0.0132,0.338,123.005,440976,4,0.5,1
Raw - Tony Romera Remix,Julio Navas,0.865,0.967,0,-5.03,1,0.087,0.392,0.877,0.353,0.163,128.005,217500,4,0.8,1
Takoflow,Freenzy Music,0.801,0.991,1,-6.993,1,0.0574,0.000131,0.615,0.036,0.697,129.027,342326,4,0.8,1
Public Safety,Badjokes,0.76,0.795,2,-5.976,1,0.073,0.091,0.811,0.209,0.155,128.0,213750,4,0.5,1
(It Goes Like) Nanana - Edit,Peggy Gou,0.671,0.876,7,-5.681,0,0.0352,0.12,0.188,0.0823,0.964,129.998,231545,4,0.8,1
Free,Vintage Culture,0.704,0.936,9,-3.99,1,0.0745,0.00207,0.00026,0.218,0.357,125.018,237024,4,0.8,1
Bongoloco,Bruno Furlan,0.797,0.665,2,-7.612,1,0.106,0.00504,0.757,0.0789,0.0747,128.036,206250,4,0.5,1
Smooth Operator,Liyah,0.553,0.916,9,-7.142,0,0.378,0.0742,0.0192,0.14,0.499,125.892,198095,4,0.8,1
So 1992 - Radio Slave & P.Leone Remix,Deep Dimension,0.683,0.738,11,-6.301,0,0.0312,9.85e-05,0.849,0.0985,0.227,130.003,444923,4,0.5,1
Stuck On Repeat,Beau,0.725,0.808,5,-6.302,1,0.0375,0.00128,0.0667,0.126,0.771,125.502,186479,4,0.5,1
The Magnificent - Booker T '98 Lick Mix,Agent 00,0.697,0.942,1,-5.815,1,0.0537,0.00259,0.324,0.0381,0.772,127.007,368333,4,0.8,1
Matador,BLVD.,0.72,0.916,1,-4.697,1,0.0678,0.00953,0.947,0.297,0.385,125.022,230400,4,0.8,1
Chutney Mayhem - Chaim & Mita Gami Remix,Niv Ast,0.804,0.672,10,-10.249,0,0.0869,0.00145,0.894,0.0804,0.451,123.02,335122,4,0.5,1
Touch The Darkness,Victor Ruiz,0.611,0.99,7,-8.508,1,0.0602,0.00105,0.915,0.273,0.0664,135.02,453333,4,0.8,1
Laser Bolt,T78,0.718,0.732,10,-6.195,0,0.0436,0.000141,0.759,0.0867,0.284,135.013,309333,4,0.5,1
Steel Mirror,GUAN,0.797,0.748,11,-12.394,1,0.0506,0.000904,0.933,0.0617,0.0927,126.012,428691,4,0.5,1
Make The World Go Round - Deep Dish Radio Edit,Sandy B,0.74,0.923,0,-6.64,1,0.0605,0.0156,0.0397,0.0684,0.811,121.959,230933,4,0.8,1
Relax My Eyes,ANOTR,0.747,0.616,3,-9.76,0,0.0324,0.176,0.116,0.143,0.908,131.975,192151,4,0.8,1
Tribal Orgasm,Bloque M,0.744,0.957,11,-3.056,0,0.0549,0.0054,0.233,0.195,0.468,123.997,389032,4,0.8,1
Maria Maria,TECH IT DEEP,0.747,0.657,0,-7.652,1,0.0912,0.0967,0.00497,0.278,0.397,128.037,161802,4,0.5,1
Express Yourself - Mochakk Remix,Diplo,0.902,0.541,1,-7.522,1,0.119,0.00233,0.945,0.0642,0.683,128.026,255000,4,0.5,1
El Bombo,Ewan McVicar,0.808,0.847,6,-6.788,0,0.0619,0.0115,0.863,0.16,0.82,129.998,240570,4,0.8,1
Hyperion,Atlantis Ocean,0.736,0.52,5,-8.974,0,0.0698,0.121,0.368,0.0706,0.442,126.987,476331,5,0.5,1
I Go - Soulwax Remix,Peggy Gou,0.734,0.763,8,-7.419,0,0.0494,0.0137,0.82,0.172,0.153,125.002,410880,4,0.5,1
Eau de chantè - For Men,Delicious Inc.,0.764,0.88,11,-7.467,0,0.0592,0.0103,0.649,0.082,0.675,123.887,456516,4,0.5,1
Altar,Dizzy Fae,0.743,0.871,8,-8.08,0,0.0398,0.174,0.164,0.111,0.822,114.966,206379,4,0.8,1
Can’t Fight The Feeling,Matroda,0.878,0.882,1,-4.143,0,0.223,0.00861,2.39e-05,0.201,0.64,125.98,171429,4,0.5,1
Gracias a la Vida - Victor Ruiz Remix,Tao Andra,0.63,0.837,0,-8.23,1,0.0458,0.0248,0.472,0.0838,0.106,135.006,385778,4,0.5,1
La Pasion,Matroda,0.851,0.812,8,-7.984,0,0.123,0.0435,0.442,0.12,0.497,125.969,187143,4,0.5,1
Jen High - Original Mix,Peggy Gou,0.81,0.926,8,-8.674,0,0.0493,0.0747,0.931,0.0736,0.823,121.813,387123,4,0.8,1
Wild & Free,Jay de Lys,0.802,0.748,7,-10.029,1,0.0547,0.00321,0.511,0.077,0.73,128.023,151875,4,0.5,1
La leçon particulière,Lavern,0.821,0.983,2,-5.786,0,0.0587,0.333,0.837,0.156,0.0629,126.018,154286,4,0.8,1
Vois sur ton chemin - Techno Mix,BENNETT,0.634,0.824,2,-3.394,0,0.047,0.0908,0.0711,0.119,0.371,137.959,178156,4,0.5,1
I Miss You,GELO,0.72,0.498,0,-9.702,0,0.105,0.678,0.0,0.106,0.548,140.0,177670,4,0.5,1
Pasticche (feat. Capo Plaza),VillaBanks,0.725,0.781,8,-7.035,0,0.0611,0.0153,9.66e-06,0.0686,0.397,130.986,196742,4,0.5,1
SCAPPIAMO VIA,NDG,0.673,0.728,10,-3.987,0,0.0697,0.00322,0.0,0.0996,0.278,124.921,157446,4,0.5,1
Italian Hustler (feat. Rasty Kilo),Guè,0.662,0.77,2,-4.091,1,0.233,0.181,0.0,0.125,0.37,124.95,163214,5,0.5,1
LUNA PIENA (con IRAMA),Rkomi,0.722,0.841,1,-3.561,1,0.0545,0.405,0.0,0.0876,0.467,99.963,166984,4,0.5,1
LA CANZONE NOSTRA ⟁ ︎(con BLANCO & SALMO),MACE,0.658,0.674,5,-6.848,0,0.0484,0.114,1.84e-05,0.147,0.164,129.914,237614,3,0.5,1
Topless,Geeno,0.709,0.618,9,-10.001,1,0.125,0.159,0.0,0.167,0.87,91.991,180063,4,0.8,1
Jungle,Rhove,0.779,0.841,11,-2.471,0,0.21,0.333,1.33e-06,0.305,0.742,141.09,184815,4,0.5,1
Seignosse,Rhove,0.919,0.591,10,-5.668,0,0.245,0.192,8.22e-06,0.1,0.159,104.959,176427,4,0.5,1
Shakerando,Rhove,0.855,0.805,7,-5.651,0,0.191,0.764,0.00708,0.302,0.469,135.009,195556,4,0.5,1
LAPROVINCE #1,Rhove,0.845,0.747,1,-6.239,1,0.197,0.224,1.63e-05,0.0694,0.51,105.871,158373,3,0.5,1
Notte gialla (feat. Madame),Emis Killa,0.657,0.707,11,-6.927,0,0.241,0.324,1.62e-06,0.516,0.529,83.991,191065,4,0.5,1
m%n,thasup,0.766,0.667,10,-4.668,0,0.053,0.522,0.0,0.0838,0.52,128.62,174364,4,0.5,1
KUMITE,Salmo,0.816,0.711,7,-4.45,0,0.121,0.0614,0.0,0.103,0.775,140.062,170018,4,0.5,1
Aston Martin (feat. Headie One),Shiva,0.878,0.793,2,-4.46,1,0.303,0.0629,0.0,0.227,0.691,139.853,168000,4,0.5,1
Il Doc 2 (feat. Tony Effe & Guè),VillaBanks,0.728,0.621,11,-7.699,0,0.195,0.0187,0.0,0.116,0.467,93.94,174983,4,0.5,1
Pensando a lei,Shiva,0.79,0.68,1,-6.787,1,0.223,0.0551,0.0,0.0761,0.61,143.046,176245,4,0.5,1
CREATUR (feat. Geolier & Ernia),Sick Luke,0.751,0.53,2,-7.518,1,0.143,0.535,9.23e-05,0.0698,0.174,95.045,191627,4,0.5,1
SOLITE PARE (feat. thasup & Sfera Ebbasta),Sick Luke,0.66,0.79,9,-4.344,0,0.0537,0.282,0.0,0.299,0.556,111.071,211660,3,0.5,1
Finché Non Mi Seppelliscono,BLANCO,0.727,0.833,4,-2.594,1,0.0316,0.349,0.0,0.232,0.86,130.024,168000,4,0.8,1
Ladro Di Fiori,BLANCO,0.596,0.763,1,-5.367,0,0.0703,0.37,0.0,0.483,0.606,96.189,188125,4,0.5,1
∞ LOVE (feat. Guè),Marracash,0.726,0.828,7,-5.191,0,0.071,0.105,0.0,0.0873,0.307,125.002,218368,4,0.5,1
CRAZY LOVE,Marracash,0.725,0.713,9,-5.958,0,0.0484,0.224,2.13e-05,0.104,0.392,123.003,192688,4,0.5,1
Una Lacrima (feat. Sfera Ebbasta),Irama,0.698,0.814,1,-4.686,1,0.0338,0.0405,0.0,0.253,0.443,102.986,173301,4,0.5,1
RS,Bené,0.774,0.765,7,-4.489,0,0.122,0.381,0.0,0.111,0.338,109.99,214727,4,0.5,1
Brividi,Mahmood,0.523,0.614,7,-4.435,1,0.0347,0.448,0.0,0.254,0.342,122.962,199146,4,0.5,1
TÊTE (feat. Medy & VillaBanks),AVA,0.588,0.744,1,-3.927,0,0.324,0.0153,0.0,0.0743,0.55,130.066,180905,4,0.5,1
EGO,Icy Subzero,0.607,0.877,3,-5.452,0,0.177,0.0285,0.0,0.346,0.456,125.025,171839,4,0.5,1
Capri Sun,Capo Plaza,0.683,0.852,0,-2.755,1,0.0636,0.0454,0.0,0.246,0.448,93.068,199680,4,0.5,1
s!r! (feat. Lazza & Sfera Ebbasta),thasup,0.675,0.739,6,-4.603,0,0.0524,0.387,0.0,0.177,0.338,149.959,237701,4,0.5,1
USCITO DI GALERA,Lazza,0.594,0.746,7,-5.853,0,0.137,0.188,0.0,0.0991,0.0802,164.231,172654,4,0.5,1
PIOVE (feat. Sfera Ebbasta),Lazza,0.381,0.627,4,-5.446,0,0.114,0.232,0.0,0.0803,0.458,187.835,155863,5,0.5,1
Mamma Mia,Sfera Ebbasta,0.762,0.609,8,-5.934,0,0.0369,0.042,2.78e-06,0.25,0.266,99.971,166796,4,0.5,1
3 DI CUORI (feat. Lazza),ANNA,0.465,0.844,5,-4.355,0,0.203,0.174,0.0,0.173,0.581,100.122,177600,4,0.5,1
Téléphone,Booba,0.813,0.528,7,-5.659,0,0.0315,0.131,0.0,0.203,0.276,112.016,212035,4,0.5,1
Easy (feat. Fivio Foreign),Sfera Ebbasta,0.738,0.681,8,-6.313,0,0.163,0.189,0.0,0.0983,0.546,144.926,206102,4,0.5,1
Italiano Anthem,Sfera Ebbasta,0.555,0.613,4,-6.746,0,0.0368,0.0619,0.0,0.198,0.0988,131.922,135935,4,0.5,1
Le Pietre Non Volano (feat. Marracash),Luchè,0.414,0.617,8,-7.998,1,0.0652,0.0512,2e-06,0.135,0.279,80.539,299061,4,0.5,1
Pornstar (feat. Sfera Ebbasta),Gemitaiz,0.792,0.568,0,-6.197,0,0.0342,0.00803,1.41e-05,0.228,0.183,100.002,237266,4,0.5,1
GASOLINA,ANNA,0.713,0.862,2,-2.9,1,0.0423,0.0695,3.95e-06,0.0847,0.691,130.139,145846,4,0.5,1
Hace Calor - Remix,Kaleb Di Masi,0.889,0.618,5,-5.124,0,0.0627,0.367,0.00438,0.105,0.444,130.021,247385,4,0.5,1
TOPBOY (feat. Noyz Narcos),Lazza,0.72,0.788,9,-6.637,0,0.281,0.215,0.0,0.105,0.282,93.331,206494,4,0.5,1
when the party's over,Billie Eilish,0.367,0.111,4,-14.084,1,0.0972,0.978,3.97e-05,0.0897,0.198,82.642,196077,4,0.2,0
Train Wreck,James Arthur,0.311,0.485,6,-5.726,0,0.0365,0.701,0.0,0.0726,0.225,77.355,208827,4,0.5,0
hostage,Billie Eilish,0.427,0.123,9,-15.228,0,0.0497,0.868,3.12e-05,0.0732,0.0394,129.565,229426,5,0.2,0
Elk Grove,David Kushner,0.324,0.217,0,-12.606,1,0.0315,0.959,0.00539,0.124,0.0984,116.583,215712,4,0.2,0
making the bed,Olivia Rodrigo,0.537,0.413,7,-7.736,1,0.0319,0.346,0.0,0.12,0.226,133.21,198867,4,0.5,0
logical,Olivia Rodrigo,0.499,0.246,7,-8.082,1,0.0345,0.853,0.0,0.1,0.153,81.051,231907,4,0.2,0
the grudge,Olivia Rodrigo,0.548,0.307,10,-9.214,1,0.0781,0.916,0.0,0.0828,0.317,127.923,189386,4,0.5,0
Your Power,Billie Eilish,0.632,0.284,9,-14.025,0,0.0801,0.932,0.000476,0.233,0.208,129.642,245897,4,0.5,0
Everybody Dies,Billie Eilish,0.275,0.155,7,-17.285,0,0.0674,0.928,0.176,0.0888,0.0588,65.136,206623,3,0.2,0
Male Fantasy,Billie Eilish,0.687,0.288,2,-10.415,1,0.045,0.863,0.0,0.0986,0.308,110.927,194887,4,0.5,0
Ontario,Novo Amor,0.409,0.223,10,-13.886,1,0.0296,0.947,0.0123,0.0635,0.173,89.877,192867,4,0.2,0
Impossible,James Arthur,0.376,0.695,0,-4.782,0,0.0933,0.135,0.0,0.11,0.302,169.533,209440,4,0.5,0
Heather,Conan Gray,0.357,0.425,5,-7.301,1,0.0333,0.584,0.0,0.322,0.27,102.078,198040,3,0.5,0
lovely (with Khalid),Billie Eilish,0.351,0.296,4,-10.109,0,0.0333,0.934,0.0,0.095,0.12,115.284,200186,4,0.2,0
Jacob and the Stone,Emile Mosseri,0.193,0.171,1,-18.494,1,0.0368,0.915,0.942,0.119,0.105,84.067,98560,4,0.2,0
favorite crime,Olivia Rodrigo,0.369,0.272,9,-10.497,1,0.0364,0.866,0.0,0.147,0.218,172.929,152667,4,0.5,0
"What Was I Made For? [From The Motion Picture ""Barbie""]",Billie Eilish,0.444,0.0911,0,-17.665,1,0.0307,0.959,1.05e-06,0.098,0.142,78.403,222370,4,0.2,0
listen before i go,Billie Eilish,0.319,0.0561,0,-23.023,1,0.045,0.935,0.00384,0.388,0.082,79.764,242652,3,0.2,0
i love you,Billie Eilish,0.421,0.131,0,-18.435,1,0.0382,0.952,0.00453,0.109,0.12,137.446,291796,4,0.2,0
Broken,Isak Danielson,0.434,0.637,5,-6.85,0,0.0613,0.451,0.0,0.112,0.1,141.869,216338,4,0.5,0
Get Down - Acoustic,James Arthur,0.406,0.485,4,-5.427,0,0.036,0.734,0.0,0.102,0.558,121.351,250840,5,0.5,0
You're Nobody 'Til Somebody Loves You - Acoustic,James Arthur,0.55,0.808,10,-5.541,0,0.378,0.24,0.0,0.076,0.896,159.889,191013,4,0.8,0
Emergency,James Arthur,0.614,0.663,11,-6.119,0,0.0499,0.00552,0.0,0.189,0.435,86.98,247813,4,0.5,0
The Funeral,Band of Horses,0.316,0.769,0,-5.283,0,0.0422,0.0142,0.0,0.0928,0.127,122.507,321147,4,0.5,0
Re: Stacks,Bon Iver,0.676,0.0812,2,-22.846,1,0.0398,0.979,0.416,0.118,0.314,125.053,401413,4,0.5,0
Berlin,RY X,0.396,0.0695,7,-20.337,1,0.0399,0.967,0.105,0.0996,0.0391,137.149,170551,4,0.2,0
To Build A Home,The Cinematic Orchestra,0.264,0.128,9,-15.443,1,0.034,0.885,0.352,0.105,0.0774,148.499,370667,4,0.2,0
Hallelujah,Jeff Buckley,0.339,0.143,0,-10.78,1,0.0317,0.921,0.000636,0.372,0.0948,101.213,413320,3,0.2,0
Isaac,Bear's Den,0.734,0.387,8,-11.821,0,0.0345,0.818,1.08e-05,0.123,0.213,130.04,239600,4,0.5,0
FIGURES,Jessie Reyez,0.6,0.139,7,-8.975,1,0.0464,0.811,9.5e-06,0.0918,0.256,171.041,240907,3,0.5,0
The Blower's Daughter,Damien Rice,0.342,0.2,4,-13.569,1,0.0324,0.134,0.000153,0.341,0.0743,133.113,286653,4,0.2,0
Mad World,Gary Jules,0.344,0.0585,3,-17.212,1,0.0373,0.976,0.000362,0.103,0.323,174.149,189507,4,0.5,0
Un homme heureux,William Sheller,0.478,0.856,0,-20.677,0,0.603,0.865,7.34e-05,0.272,0.575,116.969,292800,4,0.5,0
Don't You Remember,Adele,0.64,0.395,3,-5.689,1,0.0307,0.206,0.0,0.0935,0.235,115.082,243200,4,0.5,0
Can't Help Falling In Love (Recorded Live at Daytrotter),Ingrid Michaelson,0.315,0.151,0,-11.737,1,0.0322,0.928,0.014,0.086,0.253,141.178,194027,4,0.5,0
Mama Says,Ibeyi,0.861,0.215,0,-14.439,0,0.115,0.597,0.00105,0.137,0.144,119.932,249400,4,0.2,0
Retrograde,James Blake,0.533,0.251,7,-11.283,0,0.0372,0.873,0.104,0.134,0.186,77.503,223600,4,0.2,0
Stay,Rihanna,0.621,0.31,9,-10.164,0,0.0283,0.945,6.12e-05,0.117,0.125,111.893,240707,4,0.5,0
I'm Kissing You,Des'ree,0.224,0.294,9,-14.434,0,0.0402,0.911,0.0133,0.105,0.0711,82.428,293573,5,0.2,0
La chanson des vieux amants,Jacques Brel,0.397,0.2,0,-14.119,0,0.0287,0.826,0.000454,0.164,0.228,90.211,267467,4,0.5,0
Youth,Daughter,0.589,0.477,9,-12.71,0,0.0493,0.608,0.00188,0.122,0.488,150.399,251627,4,0.8,0
Freedom (#1),MØ,0.359,0.271,7,-8.988,0,0.032,0.955,0.00144,0.16,0.143,130.874,249533,5,0.2,0
Varðeldur,Sigur Rós,0.375,0.234,11,-13.507,0,0.0325,0.936,0.89,0.141,0.0368,98.063,367773,3,0.2,0
(No One Knows Me) Like the Piano,Sampha,0.621,0.199,10,-13.788,1,0.0344,0.976,0.00186,0.107,0.178,128.905,218160,4,0.2,0
Whirlwind,Halehan,0.73,0.189,11,-11.111,0,0.0349,0.848,0.0,0.119,0.177,111.066,241093,4,0.2,0
Frida,Thos Henley,0.607,0.23,7,-8.979,1,0.0299,0.8,0.000124,0.119,0.357,78.957,212547,4,0.5,0
Nothing's Gonna Hurt You Baby,Cigarettes After Sex,0.509,0.331,4,-14.083,1,0.0267,0.272,0.136,0.114,0.0957,96.848,286293,4,0.5,0
Indigo Night,Tamino,0.486,0.148,3,-15.237,0,0.0345,0.953,0.000121,0.117,0.124,117.676,254867,4,0.2,0
Heal,Tom Odell,0.455,0.179,1,-12.938,1,0.0389,0.952,0.00056,0.106,0.12,73.698,195240,4,0.2,0
Mockingbird,Eminem,0.654,0.661,4,-4.341,0,0.277,0.263,0.0,0.128,0.263,83.664,252187,4,0.5,0
Exit Music (For a Film),Radiohead,0.293,0.276,7,-11.353,1,0.0351,0.229,0.119,0.167,0.196,121.603,267187,4,0.2,0
Liability,Lorde,0.516,0.228,10,-11.108,0,0.14,0.926,0.0,0.109,0.318,78.908,171803,4,0.5,0
Miss Misery (Early Version),Elliott Smith,0.481,0.194,3,-16.133,1,0.0387,0.893,0.47,0.0984,0.299,134.635,176053,3,0.5,0
Boxes,Charlie Winston,0.467,0.394,3,-8.513,1,0.0292,0.943,0.0181,0.0748,0.18,148.289,281240,4,0.5,0
10am Gare du Nord,Keaton Henson,0.429,0.174,0,-12.185,1,0.0349,0.909,0.0,0.116,0.123,108.691,238173,4,0.2,0
Piano ombre,Frànçois & The Atlas Mountains,0.434,0.379,7,-10.831,1,0.0285,0.638,0.553,0.0977,0.0684,87.091,210640,4,0.5,0
The Scientist,Coldplay,0.557,0.442,5,-7.224,1,0.0243,0.731,1.46e-05,0.11,0.213,146.277,309600,4,0.8,0
Breathe Me,Sia,0.544,0.63,0,-7.523,1,0.0335,0.034,0.573,0.0961,0.202,120.064,274933,4,0.5,0
Poison & Wine,The Civil Wars,0.285,0.186,1,-12.729,1,0.0288,0.76,7.3e-05,0.104,0.203,153.848,219467,4,0.5,0
Near To You,A Fine Frenzy,0.515,0.159,1,-8.972,1,0.0288,0.944,0.0,0.109,0.205,72.907,275333,4,0.5,0
Talk To Me - Live,Yodelice,0.336,0.214,4,-14.074,0,0.0332,0.969,0.0019,0.354,0.075,82.389,264267,4,0.2,0
River,Joni Mitchell,0.405,0.152,0,-13.901,1,0.0395,0.979,9.07e-05,0.104,0.383,61.34,245040,4,0.5,0
Phantom Limb,Hospital Ships,0.317,0.286,2,-16.816,1,0.0352,0.445,0.138,0.107,0.0582,93.349,243694,4,0.2,0
Chasing Cars,Snow Patrol,0.563,0.592,9,-4.571,1,0.0276,0.209,5.08e-05,0.132,0.136,104.016,267933,4,0.5,0
In The Silence,JP Cooper,0.507,0.301,8,-7.992,1,0.0254,0.839,0.0,0.0955,0.117,94.901,199949,4,0.5,0
Cold,Novo Amor,0.411,0.304,3,-11.311,1,0.0345,0.791,0.402,0.0896,0.0392,67.553,263046,4,0.5,0
Going Home,Ásgeir,0.423,0.278,8,-13.018,0,0.0358,0.711,0.603,0.111,0.289,180.074,290890,1,0.5,0
Jóga,Björk,0.332,0.708,1,-6.345,0,0.056,0.405,7.91e-05,0.0743,0.239,146.195,309667,4,0.5,0
Glory Box,Portishead,0.51,0.434,1,-10.004,1,0.0361,0.177,0.516,0.0603,0.207,119.695,308627,4,0.2,0
Asleep - 2011 Remaster,The Smiths,0.512,0.255,0,-15.867,1,0.0291,0.88,0.532,0.146,0.215,115.144,253560,3,0.5,0
Thinkin Bout You,Frank Ocean,0.721,0.339,0,-11.195,1,0.0532,0.409,0.00153,0.0973,0.2,129.83,200747,4,0.5,0
Highspeeds,Elliot Moss,0.533,0.243,5,-13.144,1,0.0398,0.963,0.0119,0.125,0.0675,130.05,202333,4,0.2,0
La fin des temps,Mansfield.TYA,0.299,0.31,7,-14.242,0,0.0379,0.43,0.788,0.0864,0.0526,179.97,281627,3,0.5,0
Say It First,Sam Smith,0.566,0.407,0,-10.293,1,0.0914,0.766,0.000185,0.111,0.156,119.781,247555,4,0.5,0
Across The River,The Bony King of Nowhere,0.441,0.232,4,-10.05,1,0.0266,0.926,1.26e-05,0.114,0.18,90.052,188520,4,0.2,0
Fly,Ludovico Einaudi,0.166,0.25,1,-15.191,0,0.0357,0.994,0.876,0.0752,0.0349,77.031,280280,1,0.2,0
Empty Space,Air Traffic,0.338,0.294,10,-10.115,0,0.0313,0.976,0.187,0.11,0.0929,84.055,217173,4,0.2,0
I Might Float,Syd Matters,0.612,0.352,8,-10.094,1,0.0377,0.619,0.461,0.0825,0.168,152.617,290067,4,0.5,0
Autumn,Paolo Nutini,0.55,0.0818,9,-12.531,1,0.0462,0.978,0.000211,0.084,0.327,113.265,169067,4,0.5,0
The Wind That Blows,Piers Faccini,0.517,0.266,0,-15.811,1,0.0281,0.42,0.000591,0.159,0.25,75.018,227493,4,0.5,0
Sur toi,Zazie,0.543,0.204,1,-15.334,1,0.0444,0.908,0.000213,0.114,0.381,131.751,247107,4,0.5,0
Walk Away,Ben Harper,0.712,0.0954,7,-15.896,1,0.0474,0.874,0.0,0.105,0.393,140.431,229493,4,0.5,0
Nicest Thing,Kate Nash,0.536,0.314,11,-11.235,0,0.0299,0.686,0.000865,0.191,0.367,109.857,245507,4,0.2,0
Colorblind,Counting Crows,0.35,0.231,5,-13.319,1,0.031,0.961,0.0947,0.118,0.0713,107.763,203493,4,0.2,0
B a noBody,SOAK,0.423,0.268,7,-10.288,1,0.0315,0.904,0.0254,0.157,0.178,124.624,288141,4,0.2,0
Everybody Wants,Half Moon Run,0.478,0.324,0,-11.872,1,0.0281,0.567,0.128,0.0936,0.249,82.457,301133,4,0.2,0
Nuit 17 à 52,Christine and the Queens,0.497,0.351,7,-11.351,1,0.0361,0.248,0.0111,0.131,0.0612,174.02,262263,4,0.5,0
Family,Noah Gundersen,0.476,0.201,6,-11.836,0,0.0328,0.749,0.000589,0.173,0.154,111.681,214840,3,0.2,0
Crosses,José González,0.667,0.368,11,-9.939,0,0.0296,0.888,0.0225,0.103,0.301,134.624,162920,4,0.5,0
Aucun express,Alain Bashung,0.28,0.379,11,-11.531,0,0.0468,0.156,0.186,0.0925,0.0485,68.503,245200,4,0.5,0
Chord Left,Agnes Obel,0.622,0.0908,2,-20.476,0,0.0651,0.995,0.967,0.103,0.0377,182.003,148533,4,0.2,0
Claude's Girl,Marika Hackman,0.444,0.0629,7,-20.499,0,0.035,0.962,0.0069,0.097,0.225,141.325,158423,3,0.5,0
Nothing Compares 2 U,Sinéad O'Connor,0.511,0.574,5,-7.016,1,0.0273,0.0425,2.33e-05,0.105,0.161,119.917,280040,4,0.5,0
Keep Your Head Up,Ben Howard,0.48,0.61,4,-9.067,0,0.0311,0.604,5.23e-05,0.112,0.553,79.105,265866,4,0.5,0
Perfect Darkness,Fink,0.677,0.443,7,-9.526,1,0.0343,0.518,0.105,0.195,0.303,90.014,399027,4,0.5,0
Blue Bucket of Gold,Sufjan Stevens,0.306,0.0918,2,-23.005,1,0.0319,0.942,0.0224,0.161,0.124,74.925,285467,4,0.2,0
Dans le noir,Leto,0.799,0.67,5,-7.09,0,0.172,0.207,0.0,0.103,0.787,144.062,160859,4,0.5,1
1 2 3 4,Zokush,0.821,0.663,11,-7.199,0,0.125,0.268,0.0,0.113,0.556,129.985,180793,4,0.5,1
BALLE DANS LE COEUR,Ikaz Boi,0.71,0.591,7,-9.802,0,0.0723,0.0467,1.25e-06,0.436,0.55,120.004,160307,4,0.5,1
Akrapo 7,UZI,0.755,0.555,1,-7.752,1,0.233,0.0673,0.0,0.296,0.569,117.119,189618,4,0.5,1
FLASHBACK,Favé,0.762,0.564,6,-6.934,0,0.088,0.39,0.0,0.0654,0.744,141.938,176120,4,0.5,1
Magot,Werenoi,0.534,0.747,1,-6.412,0,0.315,0.231,0.0,0.21,0.523,98.229,196089,3,0.5,1
Eurostar (feat. Central Cee),Ninho,0.777,0.701,6,-6.13,0,0.167,0.615,1.03e-06,0.0843,0.836,137.054,187058,4,0.8,1
Meuda,Tiakola,0.724,0.593,9,-6.498,1,0.0766,0.508,0.0,0.196,0.624,141.901,152547,4,0.5,1
LA RUE,No Limit,0.713,0.59,2,-8.651,0,0.196,0.348,1.99e-06,0.123,0.578,138.065,225137,4,0.5,1
Bolide allemand,SDM,0.718,0.643,4,-7.473,0,0.16,0.441,0.0,0.113,0.645,131.825,176747,4,0.5,1
Laboratoire,Werenoi,0.801,0.604,5,-6.525,0,0.21,0.463,0.00378,0.111,0.534,125.024,162840,4,0.5,1
Jour de plus,Freeze corleone,0.79,0.768,10,-6.45,0,0.227,0.0027,6.28e-06,0.116,0.316,143.962,209557,4,0.5,1
Special,Dave,0.742,0.763,2,-6.488,0,0.243,0.242,0.0,0.146,0.865,143.125,247507,4,0.8,1
Mucho cuir,Rsko,0.745,0.63,8,-6.643,0,0.158,0.249,0.0,0.119,0.643,126.978,185813,4,0.5,1
Demain,PLK,0.726,0.675,1,-8.251,1,0.16,0.272,0.0,0.121,0.846,137.954,183013,4,0.8,1
Ciao,Werenoi,0.679,0.646,2,-6.606,0,0.202,0.129,0.0,0.323,0.546,147.969,216333,4,0.5,1
AMBER,Zola,0.707,0.778,6,-8.915,1,0.221,0.0853,0.00365,0.177,0.668,140.988,182068,4,0.5,1
Immonde,Leto,0.697,0.53,2,-10.079,0,0.291,0.0937,0.0,0.0979,0.658,142.103,162525,4,0.5,1
Meridian,Dave,0.897,0.665,4,-4.718,0,0.0713,0.169,4.02e-05,0.217,0.601,115.05,255160,4,0.5,1
Quoi de neuf bébé,Jok'air,0.658,0.525,10,-6.764,0,0.117,0.219,2.18e-06,0.115,0.174,147.125,202760,4,0.5,1
Les Flammes,Josman,0.795,0.584,2,-6.726,0,0.316,0.239,0.0,0.0801,0.686,143.951,193333,4,0.5,1
NO LÈCHE,Gazo,0.746,0.736,0,-8.439,1,0.353,0.0741,0.000483,0.124,0.577,156.017,194202,4,0.5,1
Bonsoir Paris (Mama No Cry),S.Pri Noir,0.704,0.466,6,-12.345,0,0.402,0.319,6.01e-05,0.224,0.389,95.334,218535,4,0.2,1
Jolie (feat. Ninho),GAULOIS,0.717,0.686,1,-6.388,0,0.0483,0.141,0.0,0.208,0.653,134.067,159573,4,0.5,1
La faille,Jul,0.941,0.775,5,-5.151,0,0.167,0.227,0.0,0.0964,0.619,130.028,291280,4,0.5,1
Bonjour,Gambi,0.719,0.793,4,-4.681,0,0.287,0.00269,0.0,0.0631,0.831,157.985,136712,4,0.8,1
Mahmouma,Niaks,0.857,0.513,8,-7.079,0,0.178,0.178,0.000708,0.0952,0.527,129.996,142747,4,0.5,1
Guapa,Guy2Bezbar,0.828,0.732,2,-7.279,1,0.351,0.126,0.0,0.11,0.819,130.056,169593,4,0.8,1
Roule un autre - A COLORS SHOW,Kerchak,0.522,0.744,8,-8.277,1,0.706,0.0294,1.76e-06,0.17,0.466,71.47,176087,5,0.5,1
Shavkat,Freeze corleone,0.629,0.731,1,-7.157,1,0.297,0.0696,0.0,0.0967,0.489,111.154,219866,3,0.5,1
Maybach,Landy,0.51,0.467,10,-7.03,1,0.256,0.518,0.0,0.0719,0.451,189.017,188573,3,0.8,1
COEUR DE ICE (feat. Damso),Zola,0.851,0.567,2,-8.074,1,0.231,0.215,0.0,0.0998,0.446,119.969,192213,4,0.5,1
Capitaine,Djadja & Dinaz,0.768,0.662,0,-5.92,1,0.182,0.37,0.0,0.0844,0.636,151.937,155920,4,0.5,1
Codéine 19,Hamza,0.812,0.525,5,-6.906,0,0.0942,0.162,0.0,0.132,0.698,76.977,143280,4,0.5,1
Philly,Zkr,0.884,0.647,6,-5.886,0,0.28,0.101,0.0,0.0976,0.655,127.016,228575,4,0.5,1
Dernière ligne droite (feat. Laylow),SCH,0.608,0.451,1,-8.594,0,0.409,0.366,7.07e-05,0.109,0.105,79.797,193271,4,0.5,1
Quali,OBOY,0.722,0.511,6,-6.443,0,0.0329,0.248,0.0,0.0588,0.457,116.973,181650,4,0.5,1
Pas là,Djadja & Dinaz,0.786,0.643,2,-5.42,0,0.0316,0.622,5.71e-05,0.135,0.755,125.045,147000,4,0.5,1
Une Autre,Kaaris,0.69,0.716,8,-6.507,0,0.0963,0.597,0.0,0.124,0.769,145.861,166115,4,0.5,1
ᚷ. INSPIRÉ DE FAITS RÉELS #6,Beendo Z,0.536,0.57,1,-10.641,1,0.349,0.0943,0.0,0.0611,0.46,142.427,169882,4,0.8,1
